phase,instance,n_orders,n_nodes,n_active,capacity,std_dist_km,std_n_routes,std_elapsed_s,std_makespan_h,std_fallback_km,std_n_fallbacks,std_effective_km,std_stoch_fail_rate,std_stoch_n_failed_lockers,d_time_dist_km,d_time_n_routes,d_time_elapsed_s,d_time_makespan_h,d_time_fallback_km,d_time_n_fallbacks,d_time_effective_km,d_time_stoch_fail_rate,d_time_stoch_n_failed_lockers,d_full_dist_km,d_full_n_routes,d_full_elapsed_s,d_full_makespan_h,d_full_fallback_km,d_full_n_fallbacks,d_full_effective_km,d_full_stoch_fail_rate,d_full_stoch_n_failed_lockers,time_vs_std_effective_improvement_pct,time_vs_std_fallback_km_avoided,time_vs_std_n_fallbacks_avoided,time_vs_std_makespan_delta_h,time_vs_std_stoch_failed_lockers_avoided,ml_vs_time_effective_improvement_pct,ml_vs_time_fallback_km_avoided,ml_vs_time_n_fallbacks_avoided,ml_vs_time_makespan_delta_h,ml_vs_time_stoch_failed_lockers_avoided,full_vs_std_effective_improvement_pct,full_vs_std_fallback_km_avoided,full_vs_std_n_fallbacks_avoided,full_vs_std_makespan_delta_h,full_vs_std_stoch_failed_lockers_avoided
low,17900_4_0.002,419,81,81,700.0,173.372,6,0.211,11.746,0.0,0,173.372,0.0,0.0,174.21,6,0.25,11.746,0.0,0,174.21,0.0,0.0,173.318,6,0.665,11.746,0.0,0,173.318,0.0,0.0,-0.483,0.0,0,0.0,0.0,0.512,0.0,0,0.0,0.0,0.031,0.0,0,0.0,0.0
low,1200_0_0.002,3588,949,928,700.0,5963.704,49,11.662,13.394,0.0,0,5963.704,0.0,0.0,5956.415,49,12.076,13.335,0.0,0,5956.415,0.0,0.0,5962.066,49,17.082,13.394,0.0,0,5962.066,0.0,0.0,0.122,0.0,0,-0.059,0.0,-0.095,0.0,0,0.059,0.0,0.027,0.0,0,0.0,0.0
low,4600_1_0.001,642,375,311,700.0,472.192,9,1.634,12.601,0.0,0,472.192,0.0,0.0,472.043,9,1.782,12.623,0.0,0,472.043,0.0,0.0,473.02,9,1.885,12.614,0.0,0,473.02,0.0,0.0,0.032,0.0,0,0.022,0.0,-0.207,0.0,0,-0.009,0.0,-0.175,0.0,0,0.013,0.0
low,26800_6_0.003,215,46,46,700.0,159.701,3,0.085,11.66,0.0,0,159.701,0.0,0.0,159.701,3,0.106,11.66,0.0,0,159.701,0.0,0.0,159.701,3,0.224,11.66,0.0,0,159.701,0.0,0.0,0.0,0.0,0,0.0,0.0,0.0,0.0,0,0.0,0.0,0.0,0.0,0,0.0,0.0
low,3700_0_0.004,7177,949,948,700.0,5775.243,92,12.209,12.214,0.0,0,5775.243,0.0,0.0,5724.78,91,12.482,12.214,0.0,0,5724.78,0.0,0.0,5776.432,92,14.293,12.214,0.0,0,5776.432,0.0,0.0,0.874,0.0,0,0.0,0.0,-0.902,0.0,0,0.0,0.0,-0.021,0.0,0,0.0,0.0
low,3200_0_0.004,7177,949,949,700.0,6023.974,96,10.776,12.237,0.0,0,6023.974,0.0,0.0,6005.332,95,11.057,12.237,0.0,0,6005.332,0.0,0.0,5953.38,94,12.889,12.266,0.0,0,5953.38,0.0,0.0,0.309,0.0,0,0.0,0.0,0.865,0.0,0,0.029,0.0,1.172,0.0,0,0.029,0.0
low,28100_6_0.004,286,46,46,700.0,201.722,4,0.081,11.553,0.0,0,201.722,0.0,0.0,201.652,4,0.113,11.553,0.0,0,201.652,0.0,0.0,201.722,4,0.194,11.553,0.0,0,201.722,0.0,0.0,0.035,0.0,0,0.0,0.0,-0.035,0.0,0,0.0,0.0,0.0,0.0,0,0.0,0.0
low,20400_5_0.001,72,21,20,700.0,114.198,1,0.026,12.516,0.0,0,114.198,0.0,0.0,114.198,1,0.038,12.516,0.0,0,114.198,0.0,0.0,114.198,1,0.12,12.516,0.0,0,114.198,0.0,0.0,0.0,0.0,0,0.0,0.0,0.0,0.0,0,0.0,0.0,0.0,0.0,0,0.0,0.0
low,24600_6_0.001,72,46,41,700.0,78.828,1,0.071,12.127,0.0,0,78.828,0.0,0.0,78.828,1,0.095,12.127,0.0,0,78.828,0.0,0.0,78.828,1,0.188,12.127,0.0,0,78.828,0.0,0.0,0.0,0.0,0,0.0,0.0,0.0,0.0,0,0.0,0.0,0.0,0.0,0,0.0,0.0
low,16500_4_0.001,209,81,79,700.0,129.626,3,0.166,12.091,0.0,0,129.626,0.0,0.0,129.872,3,0.209,12.095,0.0,0,129.872,0.0,0.0,129.776,3,0.306,12.095,0.0,0,129.776,0.0,0.0,-0.19,0.0,0,0.004,0.0,0.074,0.0,0,0.0,0.0,-0.116,0.0,0,0.004,0.0
low,11200_2_0.004,2689,300,300,700.0,832.813,35,1.364,11.447,0.0,0,832.813,0.0,0.0,835.525,35,1.576,11.541,0.0,0,835.525,0.0,0.0,832.643,35,1.591,11.56,0.0,0,832.643,0.0,0.0,-0.326,0.0,0,0.094,0.0,0.345,0.0,0,0.019,0.0,0.02,0.0,0,0.113,0.0
low,27300_6_0.004,286,46,46,700.0,201.313,4,0.08,11.643,0.0,0,201.313,0.0,0.0,200.949,4,0.097,11.657,0.0,0,200.949,0.0,0.0,201.193,4,0.203,11.643,0.0,0,201.193,0.0,0.0,0.181,0.0,0,0.014,0.0,-0.121,0.0,0,-0.014,0.0,0.06,0.0,0,0.0,0.0
low,26200_6_0.003,215,46,46,700.0,160.734,3,0.081,11.912,0.0,0,160.734,0.0,0.0,160.666,3,0.106,11.912,0.0,0,160.666,0.0,0.0,160.702,3,0.197,11.876,0.0,0,160.702,0.0,0.0,0.042,0.0,0,0.0,0.0,-0.022,0.0,0,-0.036,0.0,0.02,0.0,0,-0.036,0.0
low,20700_5_0.001,72,21,21,700.0,114.268,1,0.031,12.425,0.0,0,114.268,0.0,0.0,114.268,1,0.04,12.425,0.0,0,114.268,0.0,0.0,114.268,1,0.123,12.425,0.0,0,114.268,0.0,0.0,0.0,0.0,0,0.0,0.0,0.0,0.0,0,0.0,0.0,0.0,0.0,0,0.0,0.0
low,1100_0_0.001,1794,949,814,700.0,1971.902,26,7.945,13.679,0.0,0,1971.902,0.0,0.0,1973.561,26,10.459,12.836,0.0,0,1973.561,0.0,0.0,2009.105,26,9.921,12.937,0.0,0,2009.105,0.0,0.0,-0.084,0.0,0,-0.843,0.0,-1.801,0.0,0,0.101,0.0,-1.887,0.0,0,-0.742,0.0
low,25500_6_0.002,143,46,43,700.0,122.851,2,0.08,11.822,0.0,0,122.851,0.0,0.0,122.851,2,0.099,11.822,0.0,0,122.851,0.0,0.0,122.851,2,0.202,11.822,0.0,0,122.851,0.0,0.0,0.0,0.0,0,0.0,0.0,0.0,0.0,0,0.0,0.0,0.0,0.0,0,0.0,0.0
low,27600_6_0.004,286,46,46,700.0,199.711,4,0.084,11.777,0.0,0,199.711,0.0,0.0,200.115,4,0.101,11.777,0.0,0,200.115,0.0,0.0,199.711,4,0.192,11.777,0.0,0,199.711,0.0,0.0,-0.202,0.0,0,0.0,0.0,0.202,0.0,0,0.0,0.0,0.0,0.0,0,0.0,0.0
low,3900_0_0.004,7177,949,948,700.0,6715.613,96,11.433,12.446,0.0,0,6715.613,0.0,0.0,6717.18,96,11.638,12.562,0.0,0,6717.18,0.0,0.0,6688.901,95,15.033,12.562,0.0,0,6688.901,0.0,0.0,-0.023,0.0,0,0.116,0.0,0.421,0.0,0,0.0,0.0,0.398,0.0,0,0.116,0.0
low,5000_1_0.001,642,375,303,700.0,518.897,10,1.712,12.644,0.0,0,518.897,0.0,0.0,513.548,9,1.95,12.601,0.0,0,513.548,0.0,0.0,507.92,9,2.023,12.449,0.0,0,507.92,0.0,0.0,1.031,0.0,0,-0.043,0.0,1.096,0.0,0,-0.152,0.0,2.115,0.0,0,-0.195,0.0
low,29800_7_0.002,139,29,29,700.0,248.067,2,0.056,12.77,0.0,0,248.067,0.0,0.0,248.067,2,0.07,12.77,0.0,0,248.067,0.0,0.0,248.067,2,0.179,12.77,0.0,0,248.067,0.0,0.0,0.0,0.0,0,0.0,0.0,0.0,0.0,0,0.0,0.0,0.0,0.0,0,0.0,0.0
low,22600_5_0.003,215,21,21,700.0,303.722,3,0.035,12.401,0.0,0,303.722,0.0,0.0,303.722,3,0.048,12.401,0.0,0,303.722,0.0,0.0,303.722,3,0.137,12.401,0.0,0,303.722,0.0,0.0,0.0,0.0,0,0.0,0.0,0.0,0.0,0,0.0,0.0,0.0,0.0,0,0.0,0.0
low,14700_3_0.003,653,39,39,700.0,198.847,9,0.077,11.504,0.0,0,198.847,0.0,0.0,199.43,9,0.092,11.504,0.0,0,199.43,0.0,0.0,198.817,9,0.204,11.504,0.0,0,198.817,0.0,0.0,-0.293,0.0,0,0.0,0.0,0.307,0.0,0,0.0,0.0,0.015,0.0,0,0.0,0.0
low,5200_1_0.002,1284,375,362,700.0,753.231,17,2.185,12.248,0.0,0,753.231,0.0,0.0,753.447,17,2.466,12.248,0.0,0,753.447,0.0,0.0,753.466,17,2.621,12.251,0.0,0,753.466,0.0,0.0,-0.029,0.0,0,0.0,0.0,-0.003,0.0,0,0.003,0.0,-0.031,0.0,0,0.003,0.0
low,18300_4_0.003,628,81,81,700.0,205.051,8,0.213,11.732,0.0,0,205.051,0.0,0.0,205.201,8,0.269,11.737,0.0,0,205.201,0.0,0.0,205.212,8,0.377,11.732,0.0,0,205.212,0.0,0.0,-0.073,0.0,0,0.005,0.0,-0.005,0.0,0,-0.005,0.0,-0.079,0.0,0,0.0,0.0
low,16200_4_0.001,209,81,76,700.0,129.277,3,0.187,12.658,0.0,0,129.277,0.0,0.0,129.277,3,0.239,12.658,0.0,0,129.277,0.0,0.0,129.145,3,0.346,12.658,0.0,0,129.145,0.0,0.0,0.0,0.0,0,0.0,0.0,0.102,0.0,0,0.0,0.0,0.102,0.0,0,0.0,0.0
high,B_m100_pf0.2_occ0.75_d5.0_s1,500,100,99,700.0,235.972,7,0.268,11.905,9.203,8,245.175,0.0156,1.5,236.923,7,0.347,12.019,9.203,8,246.126,0.0187,1.8,233.145,7,0.471,12.238,9.203,8,242.348,0.0187,1.8,-0.388,0.0,0,0.114,-0.3,1.535,0.0,0,0.219,0.0,1.153,0.0,0,0.333,-0.3
high,B_m50_pf0.4_occ0.75_d5.0_s1,250,50,50,700.0,145.068,4,0.106,12.502,5.342,3,150.41,0.0194,0.933,145.068,4,0.141,12.375,5.342,3,150.41,0.0278,1.333,145.068,4,0.251,12.375,5.342,3,150.41,0.0278,1.333,0.0,0.0,0,-0.127,-0.4,0.0,0.0,0,0.0,0.0,0.0,0.0,0,-0.127,-0.4
high,B_m15_pf0.0_occ0.75_d5.0_s1,75,15,15,700.0,64.234,1,0.018,12.317,3.99,2,68.224,0.0133,0.2,64.234,1,0.024,12.317,3.99,2,68.224,0.0133,0.2,64.234,1,0.112,12.317,3.99,2,68.224,0.0133,0.2,0.0,0.0,0,0.0,0.0,0.0,0.0,0,0.0,0.0,0.0,0.0,0,0.0,0.0
high,B_m15_pf0.2_occ0.7_d9.0_s1,135,15,15,700.0,84.185,2,0.016,11.825,12.511,11,96.696,0.1156,1.733,84.185,2,0.023,11.825,12.511,11,96.696,0.1156,1.733,84.185,2,0.126,11.955,10.074,5,94.259,0.0111,0.167,0.0,0.0,0,0.0,0.0,2.52,2.437,6,0.13,1.566,2.52,2.437,6,0.13,1.566
high,B_m100_pf0.0_occ0.75_d9.0_s1,900,100,100,700.0,392.981,12,0.322,11.768,124.605,85,517.586,0.177,17.7,393.223,11,0.35,11.979,109.148,80,502.371,0.1727,17.267,391.792,12,0.467,11.979,109.148,80,500.94,0.172,17.2,2.94,15.457,5,0.211,0.433,0.285,0.0,0,0.0,0.067,3.216,15.457,5,0.211,0.5
high,B_m30_pf0.2_occ0.7_d5.0_s0,150,30,30,700.0,127.278,2,0.055,12.498,4.787,2,132.065,0.0115,0.333,127.278,2,0.072,12.498,4.787,2,132.065,0.0115,0.333,127.278,2,0.18,12.498,4.787,2,132.065,0.0115,0.333,0.0,0.0,0,0.0,0.0,0.0,0.0,0,0.0,0.0,0.0,0.0,0,0.0,0.0
high,B_m100_pf0.4_occ0.8_d7.0_s1,700,100,100,700.0,256.874,10,0.298,11.393,58.622,52,315.496,0.1387,13.733,257.136,10,0.336,11.393,58.328,51,315.464,0.1444,14.3,257.767,10,0.479,11.393,59.999,49,317.766,0.1367,13.533,0.01,0.294,1,0.0,-0.567,-0.73,-1.671,2,0.0,0.767,-0.72,-1.377,3,0.0,0.2
high,B_m50_pf0.0_occ0.8_d7.0_s1,350,50,50,700.0,170.75,5,0.121,11.544,67.076,31,237.826,0.1627,8.133,170.771,5,0.138,11.496,62.418,31,233.189,0.146,7.3,169.942,5,0.258,11.544,76.085,35,246.027,0.1653,8.267,1.95,4.658,0,-0.048,0.833,-5.505,-13.667,-4,0.048,-0.967,-3.448,-9.009,-4,0.0,-0.134
high,B_m50_pf0.4_occ0.75_d7.0_s1,350,50,50,700.0,189.474,5,0.118,11.889,29.401,19,218.875,0.12,6.0,190.066,5,0.135,12.155,26.482,15,216.548,0.0807,4.033,188.426,5,0.24,11.889,29.401,19,217.827,0.1307,6.533,1.063,2.919,4,0.266,1.967,-0.591,-2.919,-4,-0.266,-2.5,0.479,0.0,0,0.0,-0.533
high,B_m400_pf0.2_occ0.8_d9.0_s0,3600,400,400,700.0,1134.955,45,2.603,11.474,312.274,460,1447.229,0.2513,100.533,1134.206,45,2.884,11.474,312.919,452,1447.125,0.2481,99.233,1137.3,45,3.125,11.475,292.77,424,1430.07,0.2365,94.6,0.007,-0.645,8,0.0,1.3,1.179,20.149,28,0.001,4.633,1.186,19.504,36,0.001,5.933
high,B_m200_pf0.0_occ0.75_d7.0_s0,1400,200,199,700.0,509.746,17,0.803,11.67,63.466,69,573.212,0.0826,16.433,510.851,17,0.949,11.67,63.397,65,574.248,0.0762,15.167,511.912,17,1.068,11.67,61.774,61,573.686,0.073,14.533,-0.181,0.069,4,0.0,1.266,0.098,1.623,4,0.0,0.634,-0.083,1.692,8,0.0,1.9
high,B_m100_pf0.0_occ0.7_d5.0_s1,500,100,99,700.0,252.853,7,0.275,11.872,7.229,7,260.082,0.0232,2.3,252.274,7,0.349,11.872,7.229,7,259.503,0.0229,2.267,252.949,7,0.485,11.86,7.229,7,260.178,0.0229,2.267,0.223,0.0,0,0.0,0.033,-0.26,0.0,0,-0.012,0.0,-0.037,0.0,0,-0.012,0.033
high,B_m100_pf0.0_occ0.7_d5.0_s0,500,100,100,700.0,243.903,7,0.391,12.075,1.078,1,244.981,0.0043,0.433,241.786,7,0.402,11.837,1.078,1,242.864,0.003,0.3,241.327,7,0.489,11.837,1.078,1,242.405,0.0043,0.433,0.864,0.0,0,-0.238,0.133,0.189,0.0,0,0.0,-0.133,1.052,0.0,0,-0.238,0.0
high,B_m200_pf0.0_occ0.8_d7.0_s0,1400,200,200,700.0,616.058,18,0.828,11.8,151.484,138,767.542,0.1438,28.767,616.8,18,0.95,11.816,149.926,138,766.726,0.1355,27.1,616.188,18,1.086,11.816,150.718,131,766.906,0.1322,26.433,0.106,1.558,0,0.016,1.667,-0.023,-0.792,7,0.0,0.667,0.083,0.766,7,0.016,2.334
high,B_m30_pf0.0_occ0.75_d5.0_s1,150,30,30,700.0,105.419,2,0.056,12.099,7.364,8,112.783,0.0578,1.733,105.419,2,0.079,12.099,7.364,8,112.783,0.0578,1.733,106.08,2,0.184,12.099,7.364,8,113.444,0.0578,1.733,0.0,0.0,0,0.0,0.0,-0.586,0.0,0,0.0,0.0,-0.586,0.0,0,0.0,0.0
high,B_m400_pf0.0_occ0.75_d9.0_s0,3600,400,399,700.0,1424.928,46,2.587,11.615,173.525,250,1598.453,0.1401,55.9,1427.193,46,2.808,11.621,188.163,272,1615.356,0.149,59.467,1423.588,46,3.012,11.615,182.613,261,1606.201,0.1462,58.333,-1.057,-14.638,-22,0.006,-3.567,0.567,5.55,11,-0.006,1.134,-0.485,-9.088,-11,0.0,-2.433
high,B_m200_pf0.2_occ0.75_d5.0_s1,1000,200,198,700.0,361.249,13,0.798,11.605,26.672,30,387.921,0.048,9.267,361.889,13,0.934,11.605,26.763,28,388.652,0.0447,8.633,362.318,13,1.126,11.69,27.661,31,389.979,0.0468,9.033,-0.188,-0.091,2,0.0,0.634,-0.341,-0.898,-3,0.085,-0.4,-0.531,-0.989,-1,0.085,0.234
high,B_m30_pf0.0_occ0.8_d7.0_s0,210,30,30,700.0,130.396,3,0.057,11.893,27.075,10,157.471,0.0767,2.3,130.396,3,0.074,11.893,26.267,8,156.663,0.06,1.8,130.396,3,0.185,11.893,27.075,10,157.471,0.0767,2.3,0.513,0.808,2,0.0,0.5,-0.516,-0.808,-2,0.0,-0.5,0.0,0.0,0,0.0,0.0
high,B_m100_pf0.4_occ0.75_d7.0_s0,700,100,100,700.0,276.236,9,0.282,11.948,40.198,28,316.434,0.0732,7.1,276.236,9,0.347,11.832,42.986,30,319.222,0.0904,8.767,276.236,9,0.476,11.948,43.137,31,319.373,0.0849,8.233,-0.881,-2.788,-2,-0.116,-1.667,-0.047,-0.151,-1,0.116,0.534,-0.929,-2.939,-3,0.0,-1.133
high,B_m400_pf0.2_occ0.8_d7.0_s0,2800,400,400,700.0,993.44,35,2.621,11.544,171.879,270,1165.319,0.161,64.067,993.433,35,2.864,11.544,173.812,269,1167.245,0.1631,64.9,994.995,35,3.137,11.544,168.176,264,1163.171,0.1586,63.133,-0.165,-1.933,1,0.0,-0.833,0.349,5.636,5,0.0,1.767,0.184,3.703,6,0.0,0.934
high,B_m100_pf0.0_occ0.7_d7.0_s0,700,100,100,700.0,302.712,9,0.297,11.557,13.095,10,315.807,0.032,3.2,303.851,9,0.337,11.535,13.095,10,316.946,0.0353,3.533,301.995,10,0.45,11.616,13.095,10,315.09,0.0343,3.433,-0.361,0.0,0,-0.022,-0.333,0.586,0.0,0,0.081,0.1,0.227,0.0,0,0.059,-0.233
high,B_m200_pf0.0_occ0.75_d7.0_s1,1400,200,200,700.0,472.303,18,0.762,11.443,57.038,65,529.341,0.0748,14.967,477.327,18,0.856,11.446,56.125,60,533.452,0.0728,14.567,473.816,18,0.911,11.48,58.622,68,532.438,0.0735,14.7,-0.777,0.913,5,0.003,0.4,0.19,-2.497,-8,0.034,-0.133,-0.585,-1.584,-3,0.037,0.267
high,B_m200_pf0.2_occ0.7_d9.0_s1,1800,200,200,700.0,492.112,23,0.665,11.335,45.796,57,537.908,0.0726,14.367,492.891,23,0.76,11.335,41.282,53,534.173,0.0709,14.033,492.669,23,0.923,11.335,41.811,52,534.48,0.0653,12.933,0.694,4.514,4,0.0,0.334,-0.057,-0.529,1,0.0,1.1,0.637,3.985,5,0.0,1.434
high,B_m200_pf0.2_occ0.8_d5.0_s0,1000,200,199,700.0,403.444,14,0.72,11.713,40.308,52,443.752,0.0685,13.367,404.603,13,0.791,11.697,39.911,49,444.514,0.0643,12.533,404.369,14,0.897,11.721,39.686,51,444.055,0.0733,14.3,-0.172,0.397,3,-0.016,0.834,0.103,0.225,-2,0.024,-1.767,-0.068,0.622,1,0.008,-0.933
high,B_m100_pf0.4_occ0.8_d5.0_s0,500,100,100,700.0,218.459,6,0.241,11.928,21.392,18,239.851,0.0485,4.7,218.495,6,0.294,11.919,21.392,18,239.887,0.0485,4.7,218.799,6,0.405,11.928,21.392,18,240.191,0.0485,4.7,-0.015,0.0,0,-0.009,0.0,-0.127,0.0,0,0.009,0.0,-0.142,0.0,0,0.0,0.0
